72d9edbcfc5bb6037b1cb1356b50194129d1686dbd7a7ac3ba0cc075406d01c2,/home/eric/Desktop/appledoc/USNA_Tax_Exemption_Certificate_-_11_Jun_18 (1).pdf,2022-03-08
202bb966ac942c7825e6b772c6cd3c1b203ed3829f0a3e3a00df7750f8c99689,/home/eric/Desktop/appledoc/Tymoshenko_LES (copy).pdf,2022-03-08
799c87d47159cbd28453a950a20ac836d773f5fc4831b14ff1d6bb592f869e1c,/home/eric/Desktop/cyber/ic211/lab/lab4/Rotor.class,2022-03-08
58efb221a1fe134cf8a1695416662716c5d872ec382ed969e47e224e0f5fec07,/home/eric/Desktop/cyber/ic211/lab/lab4/Rotor.java,2022-03-08
73bc561db84cf091b0cc84e4308e74193dd91656a0e5ff8cd5261217b121d281,/home/eric/Desktop/cyber/ic211/lab/lab4/Enigma.java,2022-03-08
4b2b23139a4cee2ee605cd618cc45baaf4dc285fb3d9db7bb127cecff0f64862,/home/eric/Desktop/cyber/ic211/lab/lab4/Comms.java,2022-03-08
cb56756e59322c31ef2e1ca93fa0782febae26451a33b7f90d83e86bcc6df73c,/home/eric/Desktop/cyber/ic211/lab/lab4/Comms.class,2022-03-08
73dc80446b9a4be5e0bfda9e44d016c443e5610e8ebb098d55e8f43c8d5d1a48,/home/eric/Desktop/cyber/ic211/lab/lab4/Enigma.class,2022-03-08
f1956e888847056efc58fa7b6cbb5a738e5f33b64d5db78e3b8b0bf104b7f594,/home/eric/Desktop/cyber/ic211/lab/lab3/Lab03.java,2022-03-08
014e66c8d501d8a07a7834fcf2b99ecf3f369de4d9097bd5928c8ce56f389e79,/home/eric/Desktop/cyber/ic211/lab/lab3/lab03.zip,2022-03-08
8c038e80d38f6169793452aee7f4599fd0363c466380304537fa54c2d3694f2e,/home/eric/Desktop/cyber/ic211/lab/lab3/Box.java,2022-03-08
de8b67be4fa54bd29bb9d452777b2413976f97460a788ba54174fe3c8621855b,/home/eric/Desktop/cyber/ic211/lab/lab3/Point.java,2022-03-08
60d5f059f11c5f61f77f612a2c82d2a89eb6f25b19d68c51ae3e1d44ead7c1ca,/home/eric/Desktop/cyber/ic211/lab/lab2/doc/resources/glass.png,2022-03-08
027f0ed28329634be645932e1ab7c321bf27b8cfaf9aed30f2cbf5ee4478952b,/home/eric/Desktop/cyber/ic211/lab/lab2/doc/resources/x.png,2022-03-08
832e56e7fad75a5b965c546f31614531586871fa417bb4dfe125b658c7e3b381,/home/eric/Desktop/cyber/ic211/lab/lab2/doc/jquery/jszip/dist/jszip.min.js,2022-03-08
6c18a4b2cee69dd705e8a9ac911e2284f4a5c68c86031b86e067ffaf3a253938,/home/eric/Desktop/cyber/ic211/lab/lab2/doc/jquery/jszip/dist/jszip.js,2022-03-08
416a3b2c3bf16d64f6b5b6d0f7b079df2267614dd6847fc2f3271b4409233c37,/home/eric/Desktop/cyber/ic211/lab/lab2/doc/jquery/jquery-3.5.1.js,2022-03-08
c38706b6ead21f5636ea9b79297a7976c59f8c1ff9242bf675aee5dce392ce98,/home/eric/Desktop/cyber/ic211/lab/lab2/doc/jquery/jszip-utils/dist/jszip-utils.min.js,2022-03-08
c06f765f3bed456436a8819b4d41fba66e537d88c90c4f46eb95d604c94086e3,/home/eric/Desktop/cyber/ic211/lab/lab2/doc/jquery/jszip-utils/dist/jszip-utils.js,2022-03-08
794491b22860b2a9267b6327e19cb45cb999d290f167f7c87204ffc2ff87e457,/home/eric/Desktop/cyber/ic211/lab/lab2/doc/jquery/jszip-utils/dist/jszip-utils-ie.min.js,2022-03-08
0ce844c4c202c352e3210a61fc0910039a70708453b0db6f29d4da9496f2711e,/home/eric/Desktop/cyber/ic211/lab/lab2/doc/jquery/jszip-utils/dist/jszip-utils-ie.js,2022-03-08
1584fe18ca834a3e2ce37db2df3543a523784739861f7f92cff2fd29fbb3cbc3,/home/eric/Desktop/cyber/ic211/lab/lab2/doc/jquery/images/ui-bg_glass_75_dadada_1x400.png,2022-03-08
a445424f6cde5ebab42ee5289febd09c056101a9ba59c6b28c3679d72d5dcf9b,/home/eric/Desktop/cyber/ic211/lab/lab2/doc/jquery/images/ui-icons_2e83ff_256x240.png,2022-03-08
b11196b3bfae704a390877531ec546e74a4990afcbeddd4ef50ee96557885a6e,/home/eric/Desktop/cyber/ic211/lab/lab2/doc/jquery/images/ui-icons_222222_256x240.png,2022-03-08
0dddf232c52eabe46610d9fb1044e642ccbee42a5710acc3c26d34ee9279a02f,/home/eric/Desktop/cyber/ic211/lab/lab2/doc/jquery/images/ui-bg_glass_75_e6e6e6_1x400.png,2022-03-08
b480019c5b91882b9d94de645ae8bbf29a94eed587b3f7e1d242e8f2af059b12,/home/eric/Desktop/cyber/ic211/lab/lab2/doc/jquery/images/ui-bg_glass_55_fbf9ee_1x400.png,2022-03-08
51cb315b31a0bab4499960201fe72285733ed932547ab3a4634e70db83b7d8d5,/home/eric/Desktop/cyber/ic211/lab/lab2/doc/jquery/images/ui-icons_454545_256x240.png,2022-03-08
1f3b78d9f0dfee1eff0cb5b270ef4de9dceb7225b48dd97f893c926f839d3660,/home/eric/Desktop/cyber/ic211/lab/lab2/doc/jquery/images/ui-bg_highlight-soft_75_cccccc_1x100.png,2022-03-08
474cbf2c59ff8e86f14a12e514267952f0604ba967521ce38b7a0bc6489d5e94,/home/eric/Desktop/cyber/ic211/lab/lab2/doc/jquery/images/ui-bg_glass_95_fef1ec_1x400.png,2022-03-08
44c5853c7d196a573cc1e379e080a14bc62a653f1603da4afe4ef33113088fdf,/home/eric/Desktop/cyber/ic211/lab/lab2/doc/jquery/images/ui-bg_glass_65_dadada_1x400.png,2022-03-08
47833ca2cc030da7d6a376731b97cd60dad29b2c6f448169c00cd0ffb91fd118,/home/eric/Desktop/cyber/ic211/lab/lab2/doc/jquery/images/ui-icons_cd0a0a_256x240.png,2022-03-08
cf53b6de6d60741baed03c398ecd6ea5097698682ba9e09bf6b1c2780c14cabc,/home/eric/Desktop/cyber/ic211/lab/lab2/doc/jquery/images/ui-icons_888888_256x240.png,2022-03-08
61054a5976ec5c66ac56cc169bbfda92aa7b76425ac54a49bf70d5e4d0e47221,/home/eric/Desktop/cyber/ic211/lab/lab2/doc/jquery/jquery-ui.min.css,2022-03-08
2942c441bebd2e176605bc716b1ce4684d6abd7b3f8857bd789bc563bdc760c4,/home/eric/Desktop/cyber/ic211/lab/lab2/doc/jquery/jquery-ui.structure.min.css,2022-03-08
8aa7c3fdb30c5b7178f9f0839446f1539b0b627fd518950247d40e2f93e963f3,/home/eric/Desktop/cyber/ic211/lab/lab2/doc/jquery/jquery-ui.structure.css,2022-03-08
76e849220d7fe7778affeaaf0806e48bbb69a5ec5b8c8b8f5f3cd89439a6dedc,/home/eric/Desktop/cyber/ic211/lab/lab2/doc/jquery/jquery-ui.min.js,2022-03-08
712e2e2efe1717a1e10aee0e02163e1deadf88760ade58b5cdfe333ea6de5247,/home/eric/Desktop/cyber/ic211/lab/lab2/doc/jquery/jquery-ui.js,2022-03-08
cfb095119a05e9e870b21ef295abe3b27a47c114d3736479ad118219e4c3cafc,/home/eric/Desktop/cyber/ic211/lab/lab2/doc/jquery/jquery-ui.css,2022-03-08
d5eafc21c2c2d07e798ef40e412cea377692f16c0153738fd4fa9c6243fab280,/home/eric/Desktop/cyber/ic211/lab/lab2/doc/index.html,2022-03-08
f0fb8a174f8d863c603d804f0124d01f9564c926576893d382bd2295fc7fb988,/home/eric/Desktop/cyber/ic211/lab/lab2/doc/allclasses.html,2022-03-08
27e3c106fce24940604c6bcbd987cdc43ec1a63f3891c497623945aafa5fb9f6,/home/eric/Desktop/cyber/ic211/lab/lab2/doc/package-search-index.zip,2022-03-08
90ea37db5e61de9e0e3e1ad1a785c7931f4213d044c04e322f85c34c5a8d2341,/home/eric/Desktop/cyber/ic211/lab/lab2/doc/package-tree.html,2022-03-08
28187210b3c796f62685642687f26949b3892a14d7467c185aca51babe51480b,/home/eric/Desktop/cyber/ic211/lab/lab2/doc/deprecated-list.html,2022-03-08
b2f9760a7aa9b092c3c79efa7f058afb851cc447d1283d57421df909b54f2fb9,/home/eric/Desktop/cyber/ic211/lab/lab2/doc/search.js,2022-03-08
0f76a0f78cb1eb9732229b817faaf270ab12f556ae3958948899a3e38a10c6c7,/home/eric/Desktop/cyber/ic211/lab/lab2/doc/allpackages-index.html,2022-03-08
846984ade7e51cee87b5e07963a5ec5200db31c632fe86a4819f56814830e7d9,/home/eric/Desktop/cyber/ic211/lab/lab2/doc/stylesheet.css,2022-03-08
99170de7b7b588ad5c7871d326d6337ead689f36e637936648d64cf77a8a577c,/home/eric/Desktop/cyber/ic211/lab/lab2/doc/member-search-index.js,2022-03-08
3e157ed235d55c567a57bcdca39ac0c0184908dbe0e2fac2ce7ea2ecdfd96380,/home/eric/Desktop/cyber/ic211/lab/lab2/doc/overview-tree.html,2022-03-08
8ce72c1d393e2c54995cadae1277061ae2de8f998db3d7f53d8f924706060e5d,/home/eric/Desktop/cyber/ic211/lab/lab2/doc/Formatter.html,2022-03-08
af798279a8bbfa6fae3df3bd40afeb8d472304b7e9a380bfc871c449a19590c5,/home/eric/Desktop/cyber/ic211/lab/lab2/doc/StringNode.html,2022-03-08
a5585496b413860aa80382c2cd42a6d422b572956d815f35ed27fc0ec4340cfd,/home/eric/Desktop/cyber/ic211/lab/lab2/doc/allclasses-index.html,2022-03-08
fb146ef4d2447d4ec8be7cc8a86d264cc42597753ac1fc6f8c5b73e3bc5e1878,/home/eric/Desktop/cyber/ic211/lab/lab2/doc/package-search-index.js,2022-03-08
20a3f956767282de2c6e4c3937c0a0fdb356d5b39ca66d1bc5a76cb673045b78,/home/eric/Desktop/cyber/ic211/lab/lab2/doc/help-doc.html,2022-03-08
2074e4b64cfac3a17618a69de47892e81023b97caf77e33c4db9048dfac1a09b,/home/eric/Desktop/cyber/ic211/lab/lab2/doc/script.js,2022-03-08
f2864e8e6dd385bd1f2bab5968d31e8afa81b799504eb987c5450cc87df1cfd0,/home/eric/Desktop/cyber/ic211/lab/lab2/doc/type-search-index.zip,2022-03-08
08d13c77b08af7d9471c242940e1ea953e44231e4098d5a2010f4937838e3530,/home/eric/Desktop/cyber/ic211/lab/lab2/doc/constant-values.html,2022-03-08
29c3a3de17a1a4b8de9ed9a7817d96bfd557d4dc3d68009bd6cf3932bc4c4ef8,/home/eric/Desktop/cyber/ic211/lab/lab2/doc/type-search-index.js,2022-03-08
08226f0a3e1286e4025714995431b399bb902f7e374b4972de0d33ff0a7d2757,/home/eric/Desktop/cyber/ic211/lab/lab2/doc/WordRead.html,2022-03-08
a7ad0fdd82955c3b2bc88ff61945a2eb89d46232c1fdd6164e4c508fdcf47027,/home/eric/Desktop/cyber/ic211/lab/lab2/doc/ListStuff.html,2022-03-08
34e80794c51850772c66e724510bce495fa244f289737beb97cc2b0fa72938f8,/home/eric/Desktop/cyber/ic211/lab/lab2/doc/index-all.html,2022-03-08
8d846ce583e60e5363dd86f8068ed980d669ea3816cf27f7a9eb750322a06c19,/home/eric/Desktop/cyber/ic211/lab/lab2/doc/member-search-index.zip,2022-03-08
310455b2b3fded905d6b1b5f665c1aad862e072fe56b440b3f2bfe05f94f3e60,/home/eric/Desktop/cyber/ic211/lab/lab2/doc/element-list,2022-03-08
c421ad5726e855af9836feed5917d68f6dd7785462e96f8a575f201c9bf11c91,/home/eric/Desktop/cyber/ic211/lab/lab2/doc/MidLibs.html,2022-03-08
aeab23ef0b100dc2edec4f00e9b47fff951024790a5d68ca4516e7d4c0c69cd7,/home/eric/Desktop/cyber/ic211/lab/lab2/doc/package-summary.html,2022-03-08
9695bd76e29c393597493dc885bae306b8eccbe4f585b2b346c95f1ffdc502d5,/home/eric/Desktop/cyber/ic211/lab/lab2/MidLibs.java,2022-03-08
95cebd515ecf83793e6a7d43d93ee90f5805c523b4adc60162b750f643fde7de,/home/eric/Desktop/cyber/ic211/lab/lab2/WordRead.java,2022-03-08
607a23344ef99d66a148fc774444536ae3c9c39f1d25fd3074b4f7ecff0f695a,/home/eric/Desktop/cyber/ic211/lab/lab2/Formatter.java,2022-03-08
893c86b55f59eddcd571cef319e273102cd4822886a77b57a0829e147f566d07,/home/eric/Desktop/cyber/ic211/lab/lab2/verbs.txt,2022-03-08
99b0a6ae959085c362f69f2d329cf29ba615160d68d5a70076e3f07ea5356244,/home/eric/Desktop/cyber/ic211/lab/lab2/madin01.txt,2022-03-08
911a5bc840e6a7bcd55ff5d07ccaae04a7e6b522f74b2dd1b8e63b716b2f2caa,/home/eric/Desktop/cyber/ic211/lab/lab2/nouns.txt,2022-03-08
2bea14402d59de5313f3c915b4a6f1ad686cdcac0e5f456e470436bfdd34e178,/home/eric/Desktop/cyber/ic211/lab/lab2/ListStuff.java,2022-03-08
21e67e1fdcce12536f8b47436fecfa8cd7d81e2852f5abb8a02719fa1027069a,/home/eric/Desktop/cyber/ic211/lab/lab2/StringNode.java,2022-03-08
ac5c2288c7e8cf9975cdcf88d69ae261c54e5da4433b2708053a8470ed3a3ee1,/home/eric/Desktop/cyber/ic211/lab/lab2/adjectives.txt,2022-03-08
7fc02b75efd340e372185dfdb49d8624e23574fccb8cb5498de40523954dc4cb,/home/eric/Desktop/cyber/ic211/lab/lab1/Lab1b.java,2022-03-08
a453dfcd8635748c7fcd302d4d217f02eb5c7ca5c9373ae84d8f46d0540dad04,/home/eric/Desktop/cyber/ic211/lab/lab1/Lab1a.java,2022-03-08
2abe7e7170754c5695a82ebfd4573baf18fa63e277d7af2da947d19929f433f7,/home/eric/Desktop/cyber/ic211/lab/lab1/Lab1c.java,2022-03-08
e257595da636b8e484220e1294bf45e56e5794b9b3fc0c0ebf3e3d7a2472f621,/home/eric/Desktop/cyber/ic211/lab/lab5/.vscode/settings.json,2022-03-08
8bf40376a78ecf20689cb3bb3ac386c9c51e1b7eb0b20dd592d2c66c863730f6,/home/eric/Desktop/cyber/ic211/lab/lab5/RandomWordLit.class,2022-03-08
6a830ae1b60a8210a9cd26ff2b58e3c3e707055a41cdd20692673d14ed775217,/home/eric/Desktop/cyber/ic211/lab/lab5/RandomWord.class,2022-03-08
724a3308b605a721c8f8d18d504e767c4ae8b7efbc9af2e8808fb9ad0d4e848c,/home/eric/Desktop/cyber/ic211/lab/lab5/words.txt,2022-03-08
681fb213fd87ec4bf827d9aac6147fb41abd96e872920f77d7d1887ca1c99828,/home/eric/Desktop/cyber/ic211/lab/lab5/Words.java,2022-03-08
e3921642e0059c8c491e5bd68bd515fed83e387b0191be21c5f2131807cc1205,/home/eric/Desktop/cyber/ic211/lab/lab5/RandomWordLit.java,2022-03-08
fad3336a388547e51b25016affdbc7550aef6ec03d60ed55dc589c291c22d2cc,/home/eric/Desktop/cyber/ic211/lab/lab5/Words.class,2022-03-08
409299aae9470c1846f300e71c50bdeddf5bd0de2c8285039f18cb1e480d5b17,/home/eric/Desktop/cyber/ic211/lab/lab5/Words3.java,2022-03-08
76b133dbf9a259e92c5562c7820550fceb3428efc008eb8981b188ffc12ac76a,/home/eric/Desktop/cyber/ic211/lab/lab5/Words2.class,2022-03-08
a4f1d37ebf568afefdd234596196b22b7ca1469172823d70d89cc8c7ef1ce5e9,/home/eric/Desktop/cyber/ic211/lab/lab5/Words3.class,2022-03-08
71f0886093e417b2b984b5b5ae719daa215a7a5f73907eeb498eec805e72eede,/home/eric/Desktop/cyber/ic211/lab/lab5/Words2.java,2022-03-08
2fe252efd418bb6980df58dc257a47ed8a64b7ef148eccf53f39c0b88d54ff0e,/home/eric/Desktop/cyber/ic211/lab/lab5/RandomWordLitRhyme.java,2022-03-08
701e2a60f8203f0de56ed7ed422017240fcc2a8bc17bed149c3b0b5dcb205876,/home/eric/Desktop/cyber/ic211/lab/lab5/RandomWordLitRhyme.class,2022-03-08
47aa63042aa396521d2e14dd95bbdd10bee3ce68a2715db5d3b5aff9ae7e6a3b,/home/eric/Desktop/cyber/ic211/lab/lab6/GreenDot.class,2022-03-08
070a7ebd52b8365d264eb9fb3ae443d49ce83419178bfa5372d5e27fc162622b,/home/eric/Desktop/cyber/ic211/lab/lab6/README.md,2022-03-08
4cbf76d1e616f17a8492d3005fdf06813a7c78ef28bf63ef0814da58c0a21a13,/home/eric/Desktop/cyber/ic211/lab/lab6/Lab6.jar,2022-03-08
f2f93e557266bad9124b8c9dc521c18913542b401e823dcdcbab3a8eef41e6d5,/home/eric/Desktop/cyber/ic211/lab/lab6/PinkDot.class,2022-03-08
8c75b094d1f4b4ff6f444222b1dab71fa44271904dee530d7ddae0d081ce99b0,/home/eric/Desktop/cyber/ic211/lab/lab6/GreenDot.java,2022-03-08
80e849a94c0c1463c8aba8a38ab31c3f13a830d6b47f2ae6cf3ba8cea8746ceb,/home/eric/Desktop/cyber/ic211/lab/lab6/MovingDotList.class,2022-03-08
c3d7c4cfc049e396680ace225f03d90ba58abbd0bf7c140d5d09d7b0f72e9c22,/home/eric/Desktop/cyber/ic211/lab/lab6/Lab06.class,2022-03-08
004ec3cbb479fe6d16785cd5b87679b1f3a1825554257fff43e34c86df428f73,/home/eric/Desktop/cyber/ic211/lab/lab6/DotTest.class,2022-03-08
cc317ca7a6d981b05db1ac266e9e1c317e90b6722bcb933155d8a59991e672e8,/home/eric/Desktop/cyber/ic211/lab/lab6/RedDot.java,2022-03-08
5e0dd5f39fa0f88d2f3d49b0b5a98fbbe66d7f08c82a7807f8c2a97c16a64808,/home/eric/Desktop/cyber/ic211/lab/lab6/Dot.class,2022-03-08
ec5c39cac54869a0a5af72f79ded1a9462e33b9905779e13d5b754aa5ebf3c1b,/home/eric/Desktop/cyber/ic211/lab/lab6/MovingDot.java,2022-03-08
61e1f6fe0b7a2c3a292782d296b3c9d422c2f0149bcbfaea106d6404b83fe515,/home/eric/Desktop/cyber/ic211/lab/lab6/BlueDot.class,2022-03-08
d8441625e919f125805d53ea344f87f61ea733800de84df2003c1b9cf62668fb,/home/eric/Desktop/cyber/ic211/lab/lab6/not a tty,2022-03-08
78900674c8890ca0f136d6d4e0f0a5e89324fbc3c265470121d6a75d725dee36,/home/eric/Desktop/cyber/ic211/lab/lab6/DotTest.java,2022-03-08
8807e5e1167e8b95d4e7612d4f99929bb8cd8b3a288c1f70921a05364f4fade2,/home/eric/Desktop/cyber/ic211/lab/lab6/Plotter.jar,2022-03-08
bb4cdd7cd171b928a08c739df1bfd9af547506fa0a4592b2be981afe34b045e7,/home/eric/Desktop/cyber/ic211/lab/lab6/BlueDot.java,2022-03-08
8a76ba4d0903d5be1075d86730a27ec99f9bd78fa221e5f17725df1f82ae54dd,/home/eric/Desktop/cyber/ic211/lab/lab6/Lab06.java,2022-03-08
8a3220c008d442ba7b13bc4437fd4d114c2b33bde4f25eeeb3dcb9f31181b0fb,/home/eric/Desktop/cyber/ic211/lab/lab6/MovingDot.class,2022-03-08
52dab42de942432bc5823b29423c3ae27ec6b9be79f43352d6411ccde118250b,/home/eric/Desktop/cyber/ic211/lab/lab6/RedDot.class,2022-03-08
068e166bcffcb01eba0910d5c69a0420628a08d81eabadebb36158980d7b808c,/home/eric/Desktop/cyber/ic211/lab/lab6/PinkDot.java,2022-03-08
34099a50ae2e8c589bc8c07fdd96cd27ea2070f10de050cccbe9dd3c0b75a2ba,/home/eric/Desktop/cyber/ic211/class/blindman/Card.java,2022-03-08
1fe6ceb560613c5a01e51515d1c8a74275e84eb69a48c976efd2a9372eb882d7,/home/eric/Desktop/cyber/ic211/class/blindman/Player.java,2022-03-08
85d159151146502f09994991b8b80eb234ff0c1c18677c9852fb9bfca8f8527d,/home/eric/Desktop/cyber/ic211/class/blindman/Game.java,2022-03-08
da8e0f9f8b410bb2a258754e4e566ba90e8a508346937b0359e541f4ec9d785a,/home/eric/Desktop/cyber/ic211/class/Types.java,2022-03-08
1983ab4e7120acf2d2cfd27c7573670eca2bc27f98aadc2e36630ed2b2469913,/home/eric/Desktop/cyber/ic211/class/Strings.java,2022-03-08
3552de3bdfa1a0265c2abcc49029c5ed5eeaee5255672414cd1fa718f73bc734,/home/eric/Desktop/cyber/ic211/project/Project1/step3/Queue.java,2022-03-08
2a1935db391329f207f367858a53c4c50cfeefc6a061621907b45cb8d09c02f0,/home/eric/Desktop/cyber/ic211/project/Project1/step3/Search.java,2022-03-08
a62100d8788cd6a8194e5a6e437356c821cfc13a7489d97cb36674ae74633f9f,/home/eric/Desktop/cyber/ic211/project/Project1/step4/Tweet.java,2022-03-08
f003063c0b87c60c2e8b9dc3b555f0404baad7585077d016aa9dfbce8285e709,/home/eric/Desktop/cyber/ic211/project/Project1/step2/Queue.class,2022-03-08
9b5ac247045f6678e88dae6293e4dd4aeb64f36a829f70c7d26a91c6cd43f8a4,/home/eric/Desktop/cyber/ic211/project/Project1/step2/Tweet.class,2022-03-08
b723fd2ec0b97770d6f1b917fa74e369dbcee0312561bfa6c9c1155484623250,/home/eric/Desktop/cyber/ic211/project/Project1/step2/Search.class,2022-03-08
c7cd4d1f73e6fcee7c349f4d98875b47d1bc42f5366a09db38a787d249532d3c,/home/eric/Desktop/cyber/ic211/project/Project1/step2/Queue.java,2022-03-08
cec8fd71460750404aab86a9aeeae24013ddc87f52251043c9fc3dfc9b041906,/home/eric/Desktop/cyber/ic211/project/Project1/step2/Queue$Node.class,2022-03-08
13ee83b487851dd8f83f93fea72e068264c592eafc4c269d3708ddb065b4b89f,/home/eric/Desktop/cyber/ic211/project/Project1/step2/Search.java,2022-03-08
824e7b440ab32e241ef58cc131b1f891b1bd78286c4cb9ef6799649847e5b2c2,/home/eric/Desktop/cyber/ic211/project/Project1/step1/Tweet.java,2022-03-08
c1c7836de8ad5fc355bcb4024e4c454ffad21fdad9c7332e0095282789ebaabc,/home/eric/Desktop/cyber/ic211/project/Project1/step1/Search.java,2022-03-08
eed0b4411169fb849af05e92bec2e1617797f4cc9e3d71c329709691142d5b7d,/home/eric/Desktop/cyber/ic211/project/Project1/step5/step5/.vscode/launch.json,2022-03-08
5e95a237de865e7e94cee41d83e5c8eff3d87473380ebd27b192e8ac1d734aa7,/home/eric/Desktop/cyber/ic211/project/Project1/step5/Queue.java,2022-03-08
c30a0b79e435336ec8f440bcdf21c7b5ec947869acf6cf77ae7429575d38be0c,/home/eric/Desktop/cyber/ic211/project/Project1/step5/Search.java,2022-03-08
1dd7673ec5c75da511c3282479ef16dd162aba9e748236869e0cad7978f7814d,/home/eric/Desktop/cyber/ic211/project/Project1/step5/Tweet.java,2022-03-08
dae4f685008f0739468b68ada2f5b66ff988fa45c9f57ea40a67cd743ab7eb26,/home/eric/Desktop/cyber/ic211/project/Project1/step6/Queue.class,2022-03-08
d7090984bdb38a2d22a758a35be2a8f95803c7333d916af6103d97b07ad846c4,/home/eric/Desktop/cyber/ic211/project/Project1/step6/Tweet.class,2022-03-08
1553af31586b47959c5c8b2fdbba11410c4b027b981f487aeb9e71d31f78a4d8,/home/eric/Desktop/cyber/ic211/project/Project1/step6/Search.class,2022-03-08
ad530742a050f7136a0b12756f85978b82e23d929575f844d51b4e6522a808f4,/home/eric/Desktop/cyber/ic211/project/Project1/step6/Queue.java,2022-03-08
b8b70840b2bfb67832fd821d0a947b339444d04aaede95e1fa4529d2f72863e5,/home/eric/Desktop/cyber/ic211/project/Project1/step6/Queue$Node.class,2022-03-08
523bc9cf291084212320f6518c8adf2f758019a910ed1d3a1dbebd0fcb9c04ff,/home/eric/Desktop/cyber/ic211/project/Project1/step6/Search.java,2022-03-08
74910186f23444f2cbdd57f7a3a4d02c59044e00d4cf216328f46b849fb2fabf,/home/eric/Desktop/cyber/ic211/project/Project1/step6/Tweet.java,2022-03-08
0ecc9d32be8fa3ee40f509c810125ca1baa76494735a52d84656665ecf7816e6,/home/eric/Desktop/cyber/ic211/project/Project1/step4/Queue.java,2022-03-08
7cd549a7342408339c30a9157d0e69c3dc0026578b1b1fd84a56d1ba5afa2d19,/home/eric/Desktop/cyber/ic211/project/Project1/step4/Search.java,2022-03-08
5e496c1a561a6abb8b9f325d850849bc16a9f7ef6a3058dc9da73e13c2b6d481,/home/eric/Desktop/cyber/ic211/project/Project1/sometweets.txt,2022-03-08
ecaf2e5f5886537c2b39f2018eefafe7226e535b721fb5697e8e4a2ae7224413,/home/eric/Desktop/cyber/ic211/project/Project1/alltweets.txt,2022-03-08
6db853ab723dc5b7b94cc2503189cf8a609fe8f09cc6f11cdcde3603fc78d594,/home/eric/Desktop/cyber/ic211/.vscode/settings.json,2022-03-08
bcf802f2b5b2588b3c7da64bee5f90e58f6543e9dd3f959a3617929246206e3c,/home/eric/Desktop/cyber/ic211/homework/hw4/HW04.java,2022-03-08
696bf655921b6438c63d0f5b228e536ef60a5447daa4a5f094b54d616412caff,/home/eric/Desktop/cyber/ic211/homework/hw4/Geyser.java,2022-03-08
b1efef74ec6f6c8a8fa56152c2c26cfe356b65033dd77f091301d252fd3365fb,/home/eric/Desktop/cyber/ic211/homework/hw6/AcMid.java,2022-03-08
b323dbd2b865917f6786ba8ef1b30ab364a3f6fafbb4a6dc8041b7d1e5f4849d,/home/eric/Desktop/cyber/ic211/homework/hw6/Mid.java,2022-03-08
39c83815e200dbcbbebcbbb26c0c257d942b092f7e618aec539591eb2936d85d,/home/eric/Desktop/cyber/ic211/homework/hw11/Truck.java,2022-03-08
617c82924d35c2b7c9d680f5e02e7e473ca5bb339e113a596066a62536f5bec4,/home/eric/Desktop/cyber/ic211/homework/hw11/HW11.java,2022-03-08
b4d46dcaf182f0bb7bfbc2ecc07b5b893e24831e991866beaabc732b5ea7f013,/home/eric/Desktop/cyber/ic211/homework/hw11/Car.java,2022-03-08
45270675377d4b38946b35949a286adfb4d85823faa77545fd2789fd22922e9f,/home/eric/Desktop/cyber/ic211/homework/hw11/Vehicle.java,2022-03-08
345f2a3be7b03a9c8179371bc4a616e7924df2ae4b60150a43caeb559e149406,/home/eric/Desktop/cyber/ic211/homework/hw11/Motorcycle.java,2022-03-08
8ffdceb79917e9e808d4e7a5ab7707cc9c26d1ce582ee4ddf119b493887eed7c,/home/eric/Desktop/cyber/ic211/homework/hw11/Vehicle.class,2022-03-08
ee28f8a8463545fde15e3ae3a547e97c09251786500ed987a4df95253280ac20,/home/eric/Desktop/cyber/ic211/homework/hw11/Plane.class,2022-03-08
3436b86c09d52cfacd12f98e6856e2432140573f17095038b65461e79be8dfa6,/home/eric/Desktop/cyber/ic211/homework/hw11/Plane.java,2022-03-08
00bbaa1dd69ced8ce12f6d127eac1b9cb28d4f959e278f43e3db2d1b4e723bfa,/home/eric/Desktop/cyber/ic211/homework/hw11/Car.class,2022-03-08
06bab6dcd360995bcceb210e9e2c12ac2abb39109f8d8e3885a64b558dff6996,/home/eric/Desktop/cyber/ic211/homework/hw11/Motorcycle.class,2022-03-08
a54af67174a26106e8027c0e8aef70e59929359c87bf436d11f89f941520cce5,/home/eric/Desktop/cyber/ic211/homework/hw11/vehicles.txt,2022-03-08
3c0ba99e439bda3465bc841769fc17d5d4123825dbc3a269d01f1d8cb69b382c,/home/eric/Desktop/cyber/ic211/homework/hw11/Truck.class,2022-03-08
3c0cfa4e10b5422dcee0160a694c2b158af3d4b30c91eff81de5d211cea8c8ac,/home/eric/Desktop/cyber/ic211/homework/hw11/HW11.class,2022-03-08
62ca25b02efccfd83f34a64b55881432deba00fff37c0d3f9feb6320362d0a4f,/home/eric/Desktop/cyber/ic211/homework/hw3/HW3.java,2022-03-08
1a7845865549b8f1b6d837b31118c93db98b8b4a208775980b33d92f047fbd2f,/home/eric/Desktop/cyber/ic211/homework/hw3/Mid.java,2022-03-08
a28ff1372223a920af1fc886be425c34713465aa5532c226e8c11b984b9ed175,/home/eric/Desktop/cyber/ic211/homework/hw5/HW05.java,2022-03-08
b5a91f2cf0ab83b14c0ac61bd95a8d875d7a9d856801728bbc08f2b3b02fd961,/home/eric/Desktop/cyber/ic211/homework/hw5/Queue.java,2022-03-08
f5eb1757f21052abf783705cf4ddd248591d7b5db7e0e550320f01eb00dc458b,/home/eric/Desktop/cyber/sy486/hw3/poissonSim.py,2022-03-08
ab1be4210efbcfb2bcac9fc511c13ec028a28d106e224580f226a36a9cca67de,/home/eric/Desktop/cyber/sy486/hw3/answers.txt,2022-03-08
1410577c12e6b83e920c32f35faeea8da988a195f34cbec3a9292f18e17cf20b,/home/eric/Desktop/cyber/sy486/hw3/mysteryShuffle.py,2022-03-08
f7f11d1cd388dd56c6244457a09ed8c67f0096a71b1f2ac0cff17ef1926bbc41,/home/eric/Desktop/cyber/sy486/dcnet.py,2022-03-08
531a02dcb9667dce2ef4d89c90663405c6b0d246655313da6ef09a2273c6279c,/home/eric/Desktop/cyber/submit,2022-03-08
5ed5e5b603a0064dace94741b8ef2b4a6d2da4a4fd833d230f57412d58a221ef,/home/eric/Desktop/les/TYMOSHENKO 7-18 to 12-20.pdf,2022-03-08
339cb298b026d96549564117655f36b0cfde89eec9513ad2c58438af2c24f865,/home/eric/Desktop/les/TYMOSHENKO JAN 21 TO DEC 21.pdf,2022-03-08
918f72455df20f7cd717e5f825375ecef715d8550c0879dd086ba27a681c8610,/home/eric/Desktop/2021TaxReturn.PDF,2022-03-08
352bf1ad8c7a4f78df3a7315e5fee30fdf4f53e204fa2818a4f15511b6fc3152,/home/eric/Desktop/lg review.pdf,2022-03-08
ca9990a3ab7679bb15e89fe0a09c907766b60fcb74a7a56c2330a15822643a0b,/home/eric/Desktop/easyjetBP.pdf,2022-03-08
